{
    "accuracy": 0.9702922855773838,
    "language_metrics": {
        "amh": {
            "precision": 1.0,
            "recall": 0.9973404255319149,
            "f1_score": 0.9986684420772304,
            "support": 376
        },
        "ibo": {
            "precision": 0.9974293059125964,
            "recall": 0.9948717948717949,
            "f1_score": 0.9961489088575096,
            "support": 390
        },
        "orm": {
            "precision": 0.9587301587301588,
            "recall": 0.9292307692307692,
            "f1_score": 0.94375,
            "support": 325
        },
        "pcm": {
            "precision": 0.9404388714733543,
            "recall": 0.9836065573770492,
            "f1_score": 0.9615384615384616,
            "support": 305
        },
        "run": {
            "precision": 0.9161676646706587,
            "recall": 0.9503105590062112,
            "f1_score": 0.9329268292682927,
            "support": 322
        },
        "sna": {
            "precision": 0.9971830985915493,
            "recall": 0.959349593495935,
            "f1_score": 0.9779005524861878,
            "support": 369
        }
    }
}